<application>
  <component name="ProjectJdkTable">
    <jdk version="2">
      <name value="1.7" />
      <type value="JavaSDK" />
      <version value="java version &quot;1.7.0_17&quot;" />
      <homePath value="E:/Address/Java/jdk1.7.0_17" />
      <roots>
        <annotationsPath>
          <root type="composite">
            <root url="jar://$APPLICATION_HOME_DIR$/lib/jdkAnnotations.jar!/" type="simple" />
          </root>
        </annotationsPath>
        <classPath>
          <root type="composite">
            <root url="jar://E:/Address/Java/jdk1.7.0_17/jre/lib/charsets.jar!/" type="simple" />
            <root url="jar://E:/Address/Java/jdk1.7.0_17/jre/lib/deploy.jar!/" type="simple" />
            <root url="jar://E:/Address/Java/jdk1.7.0_17/jre/lib/javaws.jar!/" type="simple" />
            <root url="jar://E:/Address/Java/jdk1.7.0_17/jre/lib/jce.jar!/" type="simple" />
            <root url="jar://E:/Address/Java/jdk1.7.0_17/jre/lib/jfr.jar!/" type="simple" />
            <root url="jar://E:/Address/Java/jdk1.7.0_17/jre/lib/jfxrt.jar!/" type="simple" />
            <root url="jar://E:/Address/Java/jdk1.7.0_17/jre/lib/jsse.jar!/" type="simple" />
            <root url="jar://E:/Address/Java/jdk1.7.0_17/jre/lib/management-agent.jar!/" type="simple" />
            <root url="jar://E:/Address/Java/jdk1.7.0_17/jre/lib/plugin.jar!/" type="simple" />
            <root url="jar://E:/Address/Java/jdk1.7.0_17/jre/lib/resources.jar!/" type="simple" />
            <root url="jar://E:/Address/Java/jdk1.7.0_17/jre/lib/rt.jar!/" type="simple" />
            <root url="jar://E:/Address/Java/jdk1.7.0_17/jre/lib/ext/access-bridge-64.jar!/" type="simple" />
            <root url="jar://E:/Address/Java/jdk1.7.0_17/jre/lib/ext/dnsns.jar!/" type="simple" />
            <root url="jar://E:/Address/Java/jdk1.7.0_17/jre/lib/ext/jaccess.jar!/" type="simple" />
            <root url="jar://E:/Address/Java/jdk1.7.0_17/jre/lib/ext/localedata.jar!/" type="simple" />
            <root url="jar://E:/Address/Java/jdk1.7.0_17/jre/lib/ext/sunec.jar!/" type="simple" />
            <root url="jar://E:/Address/Java/jdk1.7.0_17/jre/lib/ext/sunjce_provider.jar!/" type="simple" />
            <root url="jar://E:/Address/Java/jdk1.7.0_17/jre/lib/ext/sunmscapi.jar!/" type="simple" />
            <root url="jar://E:/Address/Java/jdk1.7.0_17/jre/lib/ext/zipfs.jar!/" type="simple" />
          </root>
        </classPath>
        <javadocPath>
          <root type="composite">
            <root url="http://docs.oracle.com/javafx/2/api/" type="simple" />
          </root>
        </javadocPath>
        <sourcePath>
          <root type="composite">
            <root url="jar://E:/Address/Java/jdk1.7.0_17/src.zip!/" type="simple" />
          </root>
        </sourcePath>
      </roots>
      <additional />
    </jdk>
    <jdk version="2">
      <name value="1.8" />
      <type value="JavaSDK" />
      <version value="java version &quot;1.8.0_112-release&quot;" />
      <homePath value="$APPLICATION_HOME_DIR$/jre" />
      <roots>
        <annotationsPath>
          <root type="composite">
            <root url="jar://$APPLICATION_HOME_DIR$/lib/jdkAnnotations.jar!/" type="simple" />
          </root>
        </annotationsPath>
        <classPath>
          <root type="composite">
            <root url="jar://$APPLICATION_HOME_DIR$/jre/jre/lib/charsets.jar!/" type="simple" />
            <root url="jar://$APPLICATION_HOME_DIR$/jre/jre/lib/ext/access-bridge-64.jar!/" type="simple" />
            <root url="jar://$APPLICATION_HOME_DIR$/jre/jre/lib/ext/cldrdata.jar!/" type="simple" />
            <root url="jar://$APPLICATION_HOME_DIR$/jre/jre/lib/ext/dnsns.jar!/" type="simple" />
            <root url="jar://$APPLICATION_HOME_DIR$/jre/jre/lib/ext/jaccess.jar!/" type="simple" />
            <root url="jar://$APPLICATION_HOME_DIR$/jre/jre/lib/ext/localedata.jar!/" type="simple" />
            <root url="jar://$APPLICATION_HOME_DIR$/jre/jre/lib/ext/nashorn.jar!/" type="simple" />
            <root url="jar://$APPLICATION_HOME_DIR$/jre/jre/lib/ext/sunec.jar!/" type="simple" />
            <root url="jar://$APPLICATION_HOME_DIR$/jre/jre/lib/ext/sunjce_provider.jar!/" type="simple" />
            <root url="jar://$APPLICATION_HOME_DIR$/jre/jre/lib/ext/sunmscapi.jar!/" type="simple" />
            <root url="jar://$APPLICATION_HOME_DIR$/jre/jre/lib/ext/sunpkcs11.jar!/" type="simple" />
            <root url="jar://$APPLICATION_HOME_DIR$/jre/jre/lib/ext/zipfs.jar!/" type="simple" />
            <root url="jar://$APPLICATION_HOME_DIR$/jre/jre/lib/jce.jar!/" type="simple" />
            <root url="jar://$APPLICATION_HOME_DIR$/jre/jre/lib/jsse.jar!/" type="simple" />
            <root url="jar://$APPLICATION_HOME_DIR$/jre/jre/lib/management-agent.jar!/" type="simple" />
            <root url="jar://$APPLICATION_HOME_DIR$/jre/jre/lib/resources.jar!/" type="simple" />
            <root url="jar://$APPLICATION_HOME_DIR$/jre/jre/lib/rt.jar!/" type="simple" />
          </root>
        </classPath>
        <javadocPath>
          <root type="composite" />
        </javadocPath>
        <sourcePath>
          <root type="composite" />
        </sourcePath>
      </roots>
      <additional />
    </jdk>
    <jdk version="2">
      <name value="Android API 25 Platform" />
      <type value="Android SDK" />
      <version value="java version &quot;1.8.0_112-release&quot;" />
      <homePath value="D:\Address\Android\sdk" />
      <roots>
        <annotationsPath>
          <root type="composite">
            <root url="jar://$APPLICATION_HOME_DIR$/plugins/android/lib/androidAnnotations.jar!/" type="simple" />
          </root>
        </annotationsPath>
        <classPath>
          <root type="composite">
            <root url="jar://D:/Address/Android/sdk/platforms/android-25/android.jar!/" type="simple" />
            <root url="file://D:/Address/Android/sdk/platforms/android-25/data/res" type="simple" />
          </root>
        </classPath>
        <javadocPath>
          <root type="composite">
            <root url="file://D:/Address/Android/sdk/docs/reference" type="simple" />
          </root>
        </javadocPath>
        <sourcePath>
          <root type="composite">
            <root url="file://D:/Address/Android/sdk/sources/android-25" type="simple" />
          </root>
        </sourcePath>
      </roots>
      <additional jdk="1.8" sdk="android-25" />
    </jdk>
    <jdk version="2">
      <name value="Android API 23 Platform" />
      <type value="Android SDK" />
      <version value="java version &quot;1.8.0_112-release&quot;" />
      <homePath value="D:\Address\Android\sdk" />
      <roots>
        <annotationsPath>
          <root type="composite">
            <root url="jar://$APPLICATION_HOME_DIR$/plugins/android/lib/androidAnnotations.jar!/" type="simple" />
          </root>
        </annotationsPath>
        <classPath>
          <root type="composite">
            <root url="jar://D:/Address/Android/sdk/platforms/android-23/android.jar!/" type="simple" />
            <root url="file://D:/Address/Android/sdk/platforms/android-23/data/res" type="simple" />
          </root>
        </classPath>
        <javadocPath>
          <root type="composite">
            <root url="file://D:/Address/Android/sdk/docs/reference" type="simple" />
          </root>
        </javadocPath>
        <sourcePath>
          <root type="composite">
            <root url="file://D:/Address/Android/sdk/sources/android-23" type="simple" />
          </root>
        </sourcePath>
      </roots>
      <additional jdk="1.8" sdk="android-23" />
    </jdk>
    <jdk version="2">
      <name value="Android API 21 Platform" />
      <type value="Android SDK" />
      <version value="java version &quot;1.8.0_112-release&quot;" />
      <homePath value="D:\Address\Android\sdk" />
      <roots>
        <annotationsPath>
          <root type="composite">
            <root url="jar://$APPLICATION_HOME_DIR$/plugins/android/lib/androidAnnotations.jar!/" type="simple" />
          </root>
        </annotationsPath>
        <classPath>
          <root type="composite">
            <root url="jar://D:/Address/Android/sdk/platforms/android-21/android.jar!/" type="simple" />
            <root url="file://D:/Address/Android/sdk/platforms/android-21/data/res" type="simple" />
          </root>
        </classPath>
        <javadocPath>
          <root type="composite">
            <root url="http://developer.android.com/reference/" type="simple" />
          </root>
        </javadocPath>
        <sourcePath>
          <root type="composite" />
        </sourcePath>
      </roots>
      <additional jdk="1.8" sdk="android-21" />
    </jdk>
    <jdk version="2">
      <name value="Android API 24 Platform" />
      <type value="Android SDK" />
      <version value="java version &quot;1.8.0_112-release&quot;" />
      <homePath value="D:\Address\Android\sdk" />
      <roots>
        <annotationsPath>
          <root type="composite">
            <root url="jar://$APPLICATION_HOME_DIR$/plugins/android/lib/androidAnnotations.jar!/" type="simple" />
          </root>
        </annotationsPath>
        <classPath>
          <root type="composite">
            <root url="jar://D:/Address/Android/sdk/platforms/android-24/android.jar!/" type="simple" />
            <root url="file://D:/Address/Android/sdk/platforms/android-24/data/res" type="simple" />
          </root>
        </classPath>
        <javadocPath>
          <root type="composite">
            <root url="file://D:/Address/Android/sdk/docs/reference" type="simple" />
          </root>
        </javadocPath>
        <sourcePath>
          <root type="composite">
            <root url="file://D:/Address/Android/sdk/sources/android-24" type="simple" />
          </root>
        </sourcePath>
      </roots>
      <additional jdk="1.8" sdk="android-24" />
    </jdk>
    <jdk version="2">
      <name value="Android API 27 Platform" />
      <type value="Android SDK" />
      <version value="java version &quot;1.8.0_112-release&quot;" />
      <homePath value="D:\Address\Android\sdk" />
      <roots>
        <annotationsPath>
          <root type="composite">
            <root url="jar://$APPLICATION_HOME_DIR$/plugins/android/lib/androidAnnotations.jar!/" type="simple" />
          </root>
        </annotationsPath>
        <classPath>
          <root type="composite">
            <root url="jar://D:/Address/Android/sdk/platforms/android-27/android.jar!/" type="simple" />
            <root url="file://D:/Address/Android/sdk/platforms/android-27/data/res" type="simple" />
          </root>
        </classPath>
        <javadocPath>
          <root type="composite">
            <root url="file://D:/Address/Android/sdk/docs/reference" type="simple" />
          </root>
        </javadocPath>
        <sourcePath>
          <root type="composite">
            <root url="file://D:/Address/Android/sdk/sources/android-27" type="simple" />
          </root>
        </sourcePath>
      </roots>
      <additional jdk="1.8" sdk="android-27" />
    </jdk>
    <jdk version="2">
      <name value="Android API 26 Platform" />
      <type value="Android SDK" />
      <version value="java version &quot;1.8.0_112-release&quot;" />
      <homePath value="D:\Address\Android\sdk" />
      <roots>
        <annotationsPath>
          <root type="composite">
            <root url="jar://$APPLICATION_HOME_DIR$/plugins/android/lib/androidAnnotations.jar!/" type="simple" />
          </root>
        </annotationsPath>
        <classPath>
          <root type="composite">
            <root url="jar://D:/Address/Android/sdk/platforms/android-26/android.jar!/" type="simple" />
            <root url="file://D:/Address/Android/sdk/platforms/android-26/data/res" type="simple" />
          </root>
        </classPath>
        <javadocPath>
          <root type="composite">
            <root url="file://D:/Address/Android/sdk/docs/reference" type="simple" />
          </root>
        </javadocPath>
        <sourcePath>
          <root type="composite">
            <root url="file://D:/Address/Android/sdk/sources/android-26" type="simple" />
          </root>
        </sourcePath>
      </roots>
      <additional jdk="1.8" sdk="android-26" />
    </jdk>
    <jdk version="2">
      <name value="Android API 29 Platform" />
      <type value="Android SDK" />
      <version value="java version &quot;1.8.0_112-release&quot;" />
      <homePath value="D:\Address\Android\sdk" />
      <roots>
        <annotationsPath>
          <root type="composite">
            <root url="jar://$APPLICATION_HOME_DIR$/plugins/android/lib/androidAnnotations.jar!/" type="simple" />
          </root>
        </annotationsPath>
        <classPath>
          <root type="composite">
            <root url="jar://D:/Address/Android/sdk/platforms/android-29/android.jar!/" type="simple" />
            <root url="file://D:/Address/Android/sdk/platforms/android-29/data/res" type="simple" />
          </root>
        </classPath>
        <javadocPath>
          <root type="composite">
            <root url="file://D:/Address/Android/sdk/docs/reference" type="simple" />
          </root>
        </javadocPath>
        <sourcePath>
          <root type="composite">
            <root url="file://D:/Address/Android/sdk/sources/android-29" type="simple" />
          </root>
        </sourcePath>
      </roots>
      <additional jdk="1.8" sdk="android-29" />
    </jdk>
    <jdk version="2">
      <name value="Android API 28 Platform" />
      <type value="Android SDK" />
      <version value="java version &quot;1.8.0_112-release&quot;" />
      <homePath value="D:\Address\Android\sdk" />
      <roots>
        <annotationsPath>
          <root type="composite">
            <root url="jar://D:/Address/Android/sdk/platforms/android-28/data/annotations.zip!/" type="simple" />
          </root>
        </annotationsPath>
        <classPath>
          <root type="composite">
            <root url="jar://D:/Address/Android/sdk/platforms/android-28/android.jar!/" type="simple" />
            <root url="file://D:/Address/Android/sdk/platforms/android-28/data/res" type="simple" />
          </root>
        </classPath>
        <javadocPath>
          <root type="composite">
            <root url="file://D:/Address/Android/sdk/docs/reference" type="simple" />
          </root>
        </javadocPath>
        <sourcePath>
          <root type="composite">
            <root url="file://D:/Address/Android/sdk/sources/android-28" type="simple" />
          </root>
        </sourcePath>
      </roots>
      <additional jdk="1.8" sdk="android-28" />
    </jdk>
  </component>
</application>